﻿"縣市","區域","地址","型態","現況","總價(萬元)","權狀坪數(坪)","單價(萬/坪)","標題","待售物件連結","樓層","屋齡","現況","帶租約","法定用途","車位","有效期","仲介","經紀業","電話","屋況特色","編號"
"台北市","內湖區","台北市內湖區瑞光路","電梯大樓","辦公","130000","2400","54.17","內科整棟商辦完整產權稀有釋出","https://sale.591.com.tw/sale-detail-6107645.html","8F/8F","5年","辦公","是","商業用","None","2019-05-25","楊小姐","經紀業：九逸不動產有限公司","0939-091-935","內湖科技園區稀有釋出 整棟完整產權屋齡新 挑高氣派大廳 現成穩定租約歡迎來電洽詢 楊S 0939091935國家考試經紀人 獲選2017金仲獎得獎人員九逸不動產開發有限公司 北市經證字第02025號","當前房屋（S6107645）"
"台北市","南港區","台北市南港區南港路三段47巷8號","電梯大樓","辦公","180000","2900","62.07","東區門戶出售全棟帶租約","https://sale.591.com.tw/sale-detail-5831962.html","7F/11F","4年","辦公","是","None","None","2019-04-02","周先生","None","0986-851-089轉305709","南港將成為台北市發展最快速的都會中心「東區門戶計畫」以南港車站為核心，占地最大的交通轉運站，肩負全台一半區域之運輸轉運重責。【五鐵三高轉運中心】：高鐵、台鐵、捷運、北宜直鐵、基隆輕軌系統、國道轉運中心。南港的未來和台北的經濟，都從這裡發光各大企業總部 國際飯店 百貨  南港展覽館 會展中心  軟體園區 中央研究院 國家生技園區 文創園區 流行音樂中心 汽車城 ……立足南港  放眼國際與世界接軌。稀有獨立產權 企業總部  現在入主正是時候 另 即將開發全新（企業總部） ~量身打造PS    預計 108年 將公告實施 納入 產夜生活特定專區","當前房屋（S5831962）"
"台北市","松山區","台北市松山區八德路四段","電梯大樓","辦公","150000","1284.6","116.77","松山三鐵共構飯店收租","https://sale.591.com.tw/sale-detail-5947953.html","6F/12F","4年","辦公","是","住商用","100.78坪，平面式，已含售金內","2019-04-14","柯小姐","經紀業：冠達不動產股份有限公司","0919-843-339","1.松山捷運2號出口 2.饒河觀光夜市 成熟商圈3.火車站 捷運 交通方便 內湖南港交通樞紐4.收租 自營皆可 歡迎來電洽詢0919-843-339柯小姐21世紀不動產 天母克強加盟店 冠達不動產(股)公司經紀人:劉貴傳(101)高市字第00708號","當前房屋（S5947953）"
"新北市","林口區","新北市林口區文化三路二段351號","電梯大樓","辦公","165000","4960","33.27","全棟商辦大樓企業總部設點首選-建商自售","https://sale.591.com.tw/sale-detail-5952825.html","9F/9F","1年","辦公","否","None","None","2019-05-15","王小姐","None","0986-851-077轉1241847","暫未添加說明","當前房屋（S5952825）"
"新北市","淡水區","新北市淡水區中正東路二段","電梯大樓","辦公","29800","1080.2","31.01","企業總部高級廠辦大樓----淡水安泰登峰","https://sale.591.com.tw/sale-detail-5975680.html","13F/30F","19年","辦公","否","工業用","177.8坪，平面式，已含售金內","2019-04-20","林小姐","經紀業：不動產經紀人","0932-252-110","高級廠辦大樓、鋼筋混泥土鋼骨結構、耐震力強大樓內部設有餐廳、咖啡廳、便利商店、郵局、超方便面觀音山、淡水河出海口，美景無垠難得整層樓出售、電梯出來即企業門面、適大型總部駐點距紅樹林捷運站三分鐘、員工通勤超幸福權狀1080.23坪(含14個車位177.8坪)、公設272.64坪(單層小公本戶完全利用)總價29800萬(含車位1820萬)乙種工業區、廠房、辦公室用途21世紀不動產天母克強店 林娳銖 0932-252-110冠達不動產股份有限公司 經紀人字號93年北縣第000121號","當前房屋（S5975680）"
"新北市","淡水區","新北市淡水區中正東二路","電梯大樓","辦公","29800","1080.2","27.59","紅樹林安泰登峰","https://sale.591.com.tw/sale-detail-6116066.html","13F/19F","19年","辦公","否","工業用","177.82坪，平面式，已含售金內","2019-05-27","洪小姐","經紀業：冠達不動產有限公司","0952-894-272","1.高級辦廠辦大樓(乙工)2.鋼骨結構耐震力強3.大樓內設有餐廳.咖啡廳.便利商店.郵局 4.面觀音山淡水河出海口 景色優美 前陽台看海.後陽台看山5.紅樹林捷運站3分鐘 交通非常便利 就在捷運面前","當前房屋（S6116066）"
"新北市","汐止區","新北市汐止區新台五路一段","電梯大樓","辦公","49800","1300","38.31","國際精品雲端地標建築全新落成","https://sale.591.com.tw/sale-detail-5941638.html","34F/35F","1個月","辦公","否","商業用","無","2019-04-13","陳小姐","經紀業：汐科有限公司","0910-929-111","101大樓風格規劃精品建築.近北一高.北二高.台鐵.前後為40米新台五路與30米大同路.與汐科站.汐止CP值高.汐科站旁10分鐘一站捷運南港站.即可連結台北捷運藍線.一進入U-TOWN門面氣勢增加進駐公司的品牌質感.直達四樓豪氣手扶梯為縱貫連結ABCD棟廣場.貴賓電梯進入廠辦辦公室.專棟專卡管制如101金融辦公區出入","當前房屋（S5941638）"
"新北市","汐止區","新北市汐止區新台五路一段116號","電梯大樓","辦公","37111","1237","30","汐科不動產17%公設經貿坪效最佳","https://sale.591.com.tw/sale-detail-5941865.html","2F/26F","22年","辦公","否","None","無","2019-04-13","陳小姐","經紀業：汐科有限公司","0910-929-111","台鐵捷運化102年底，汐科到南港完成三軌通車，列車發車間距將縮短為8分鐘。緊臨汐科火車站、北一高、北二高汐止交流道口、捷運接駁車、多部園區專屬交通車、上下班密集行駛台北市及基隆，到內湖、南港、深坑，僅需10分鐘車程  17%超低公設比，買更實在的使用面積，.為企業節省經營成本！銀行、郵局、家樂福、星巴克咖啡、爭鮮壽司、美食街等機能完整，全區停車場 5,000坪，專屬卸貨區。與雲端科技建築連結經濟走廊 及未來民生汐止線出站上班.入站回家便利性.豪華迎賓遮雨車道，氣派挑高7米門廳，座南朝北背臨靠山，風水老師一致推薦的好財庫，更是許多知名企業發跡的風水靈地，目前有宏基電腦企業總部及緯創資通，資訊工業策會、亞新工程等企業。","當前房屋（S5941865）"
"新北市","板橋區","新北市板橋區中山路二段443巷","電梯大樓","辦公","82983","1975.8","42","全新辦公大樓~4樓至11樓層租售中","https://sale.591.com.tw/sale-detail-5958103.html","10F/18F","2年","辦公","否","住商用","無","2019-04-16","房先生","經紀業：房慶昆","0935-770-078","全新大樓方正格局採光佳設備新穎氣派挑高寬敞大廳管理嚴謹以上提供照片為附近街景圖，可參考周邊商店，資料則依房東提供而登載，為避免出租資訊落差，歡迎您來電洽詢，公司將專人帶領您現場丈量及提供相關地政機關登載資料。","當前房屋（S5958103）"
"桃園市","桃園區","桃園市桃園區經國二路","店面（店鋪）","辦公","95000","2367.2","40.13","獨家卍經國重劃區整棟全新商業大樓高收益","https://sale.591.com.tw/sale-detail-6015408.html","整棟/9F","1年","辦公","是","商業用","None","2019-05-01","江小姐","經紀業：立鵬地產事業有限公司","0939-822-168","位於經國重劃區1期/土地362.07坪整棟全新打造高質感電梯商業大樓.附近有....桃園市經國轉運站位於經國重劃區~~~周邊連接桃園兩大精華商圈，南接中正藝文特區，往北近南崁台茂購物中心，生活機能佳。由於鄰近敏盛綜合醫院，方便老人看診及復健；開車上高速公路只要五分鐘，往返台北便捷，適合年輕上班族群，生活機能是三代同堂家庭住戶的區域首選。交通部分，五分鐘即可上國道1號南崁交流道，成為桃園市區重要的入口門戶，可避免需繞道市區的塞車情況，對部分北上通勤族或機場航空業來說，有地利之便。*月收租約200多萬.附平面車位52個~歡迎來電洽詢0958-827-168涂先生或0939-822-168江小姐（蔡佳家（100）桃園登字第001231號)  立鵬地產事業有限公司","當前房屋（S6015408）"
"桃園市","中壢區","桃園市中壢區民族路56號","電梯大樓","辦公","27000","1605","16.82","中壢全棟優質辦公大樓/企業總部","https://sale.591.com.tw/sale-detail-5872441.html","11F/11F","26年","辦公","是","None","None","2019-04-14","莊先生","None","0932-200-511","桃園中壢 中壢交流道下 新明 民族路口中壢市區    優質地段卓越地標    簡潔俐落唯一獨棟    收益商辦　租客穩定承租 售後回租部分樓層單一產權大樓    投資置產皆相宜　適企業總部、商旅、產後護理機構、醫美中心黃金角地    雙面臨路規劃彈性    打造商業拓展引擎交通樞紐    無往不利3分鐘抵機捷A22老街溪站  4分鐘抵國道  5分鐘抵中壢火車站","當前房屋（S5872441）"
"台中市","西屯區","台中市西屯區文心路三段","電梯大樓","辦公","29000","1520","19.08","捷運G8正文心路經貿園區整棟商辦大樓出售","https://sale.591.com.tw/sale-detail-6103059.html","1F/11F","23年","辦公","是","商業用","None","2019-05-24","陳先生","經紀業：勝眾不動產經紀有限公司","0988-114-001","原價3億5000萬大降價.一. 帷幕外觀.氣派非凡.二. 捷運G8站+經貿園區.雙重建設大利多.三 . 宜企業總部.金融業.商旅飯店.醫美...等.四 . 正文心路.燙金門牌.稀有釋出.五. 總建坪1728.08坪(含增建208坪).六.年租金864萬,坐收租金享保值又增值.","當前房屋（S6103059）"
"台中市","北區","台中市北區學士路","透天厝","辦公","48000","1319","36.39","北區印鈔機約收破百萬","https://sale.591.com.tw/sale-detail-5929160.html","整棟/7F","27年","辦公","否","商業用","None","2019-04-04","思穎昭源","經紀業：金富春有限公司","0907-692-977","[align= -webkit-center][/align][align= -webkit-center]地下第三層增建[/align][align= -webkit-center]地下第二層增建[/align][align= -webkit-center]地下第一層241.66坪[/align][align= -webkit-center]第一層131.86坪[/align][align= -webkit-center]第二層150.02坪[/align][align= -webkit-center]第三層159.1坪[/align][align= -webkit-center]第四層159.1坪[/align][align= -webkit-center]第五層159.1坪[/align][align= -webkit-center]第六層159.1坪[/align][align= -webkit-center]第七層159.1坪第八層增建[/align][align= -webkit-center]使用分區:第二住宅區[/align]更多資訊可直接撥打電話由專人為您服務黃昭源 0906-009444 (米竒) LINE :0906009444陳思穎 0907692977 (Rita) LINE :ulaying1120","當前房屋（S5929160）"
"台南市","北區","台南市北區開元路","電梯大樓","辦公","8900","1437.4","6.19","開元路商辦大樓","https://sale.591.com.tw/sale-detail-6006529.html","5F/7F","31年","辦公","否","商業用","None","2019-05-29","林先生","公司名：丞將不動產仲介經紀有限公司","0931-751-369","銷售5 6 7樓整層大空間 附15個平面車位使用分區:商業區用地 樓下知名銀行證劵公司開元路面上 近成大 台南火車站 交通方便 真正市中心每坪單價6.2萬 全台南市最便宜 投資報酬率高 增值潛力大","當前房屋（S6006529）"
"高雄市","苓雅區","高雄市苓雅區三多四路","電梯大樓","辦公","17777","1777","10","亞灣商務中心","https://sale.591.com.tw/sale-detail-5901872.html","18F/19F","28年","辦公","否","商業用","無","2019-04-23","陳小姐","經紀業：萬騰達國際商用地產股份有限公司","0933-380-831","本案出售標地 亞太投資大樓 18樓,19樓 18樓主建物 : 726.12坪  18樓陽台 : 11.08坪   18樓公設 : 212.3坪19樓主建物 : 492.03坪   19樓公設 : 224.29坪  19樓專用公設 : 111.25坪總建坪 : 1777.07坪   使用分區 : 商    土地持分 : 133.05坪商圈 : 三多商圈,85商圈,興中夜市,自強夜市交通 : 三多捷運站,輕軌高雄展覽館站現況 : 本標地以前做三溫暖現已停業,辦公 休閒 娛樂皆宜發展 : 高雄亞灣商務中心歡迎洽詢 陳小姐 0933-380-831","當前房屋（S5901872）"
"高雄市","美濃區","高雄市美濃區中正路三段6巷","透天厝","辦公","5588","1168.7","4.78","美濃建地電梯廠辦，生技中心倉儲","https://sale.591.com.tw/sale-detail-6061122.html","整棟/5F","6年","辦公","否","商業用","None","2019-06-12","李小姐","經紀業：建竑有限公司","0919-074-397","1.適合倉儲，廠辦，生技公司，長照養護中心 幼稚園 民宿2.交通便利 生活機能佳 景觀視野佳 空氣清新3位於美濃中心 水質棒.適合退休生活 養老環境4.有電梯堅固優質建物 庭園景觀造景清幽","當前房屋（S6061122）"
