﻿"編號","標題","有效期","總價","金額單位","權狀坪數(坪)","單價(萬/坪)","樓層","屋齡","型態","縣市","區域","地址","仲介","經紀業","電話","現況","帶租約","法定用途","車位","屋況特色","待售物件連結"
"當前房屋（S5831962）","東區門戶出售全棟帶租約","2019-04-02","180000","萬元","2900","62.07","7F/11F","4年","電梯大樓","台北市","南港區","台北市南港區南港路三段47巷8號","周先生","None","0986-851-089轉305709","辦公","是","None","None","南港將成為台北市發展最快速的都會中心「東區門戶計畫」以南港車站為核心，占地最大的交通轉運站，肩負全台一半區域之運輸轉運重責。【五鐵三高轉運中心】：高鐵、台鐵、捷運、北宜直鐵、基隆輕軌系統、國道轉運中心。南港的未來和台北的經濟，都從這裡發光各大企業總部 國際飯店 百貨  南港展覽館 會展中心  軟體園區 中央研究院 國家生技園區 文創園區 流行音樂中心 汽車城 ……立足南港  放眼國際與世界接軌。稀有獨立產權 企業總部  現在入主正是時候 另 即將開發全新（企業總部） ~量身打造PS    預計 108年 將公告實施 納入 產夜生活特定專區","https://sale.591.com.tw/sale-detail-5831962.html"
"當前房屋（S6107645）","內科整棟商辦完整產權稀有釋出","2019-05-25","130000","萬元","2400","54.17","8F/8F","5年","電梯大樓","台北市","內湖區","台北市內湖區瑞光路","楊小姐","經紀業：九逸不動產有限公司","0939-091-935","辦公","是","商業用","None","內湖科技園區稀有釋出 整棟完整產權屋齡新 挑高氣派大廳 現成穩定租約歡迎來電洽詢 楊S 0939091935國家考試經紀人 獲選2017金仲獎得獎人員九逸不動產開發有限公司 北市經證字第02025號","https://sale.591.com.tw/sale-detail-6107645.html"
"當前房屋（S5947953）","松山三鐵共構飯店收租","2019-04-14","150000","萬元","1284.6","116.77","6F/12F","4年","電梯大樓","台北市","松山區","台北市松山區八德路四段","柯小姐","經紀業：冠達不動產股份有限公司","0919-843-339","辦公","是","住商用","100.78坪，平面式，已含售金內","1.松山捷運2號出口 2.饒河觀光夜市 成熟商圈3.火車站 捷運 交通方便 內湖南港交通樞紐4.收租 自營皆可 歡迎來電洽詢0919-843-339柯小姐21世紀不動產 天母克強加盟店 冠達不動產(股)公司經紀人:劉貴傳(101)高市字第00708號","https://sale.591.com.tw/sale-detail-5947953.html"
"當前房屋（S5952825）","全棟商辦大樓企業總部設點首選-建商自售","2019-05-15","165000","萬元","4960","33.27","9F/9F","1年","電梯大樓","新北市","林口區","新北市林口區文化三路二段351號","王小姐","None","0986-851-077轉1241847","辦公","否","None","None","暫未添加說明","https://sale.591.com.tw/sale-detail-5952825.html"
"當前房屋（S5975680）","企業總部高級廠辦大樓----淡水安泰登峰","2019-04-20","29800","萬元","1080.2","31.01","13F/30F","19年","電梯大樓","新北市","淡水區","新北市淡水區中正東路二段","林小姐","經紀業：不動產經紀人","0932-252-110","辦公","否","工業用","177.8坪，平面式，已含售金內","高級廠辦大樓、鋼筋混泥土鋼骨結構、耐震力強大樓內部設有餐廳、咖啡廳、便利商店、郵局、超方便面觀音山、淡水河出海口，美景無垠難得整層樓出售、電梯出來即企業門面、適大型總部駐點距紅樹林捷運站三分鐘、員工通勤超幸福權狀1080.23坪(含14個車位177.8坪)、公設272.64坪(單層小公本戶完全利用)總價29800萬(含車位1820萬)乙種工業區、廠房、辦公室用途21世紀不動產天母克強店 林娳銖 0932-252-110冠達不動產股份有限公司 經紀人字號93年北縣第000121號","https://sale.591.com.tw/sale-detail-5975680.html"
"當前房屋（S5941638）","國際精品雲端地標建築全新落成","2019-04-13","49800","萬元","1300","38.31","34F/35F","1個月","電梯大樓","新北市","汐止區","新北市汐止區新台五路一段","陳小姐","經紀業：汐科有限公司","0910-929-111","辦公","否","商業用","無","101大樓風格規劃精品建築.近北一高.北二高.台鐵.前後為40米新台五路與30米大同路.與汐科站.汐止CP值高.汐科站旁10分鐘一站捷運南港站.即可連結台北捷運藍線.一進入U-TOWN門面氣勢增加進駐公司的品牌質感.直達四樓豪氣手扶梯為縱貫連結ABCD棟廣場.貴賓電梯進入廠辦辦公室.專棟專卡管制如101金融辦公區出入","https://sale.591.com.tw/sale-detail-5941638.html"
"當前房屋（S5941865）","汐科不動產17%公設經貿坪效最佳","2019-04-13","37111","萬元","1237","30","2F/26F","22年","電梯大樓","新北市","汐止區","新北市汐止區新台五路一段116號","陳小姐","經紀業：汐科有限公司","0910-929-111","辦公","否","None","無","台鐵捷運化102年底，汐科到南港完成三軌通車，列車發車間距將縮短為8分鐘。緊臨汐科火車站、北一高、北二高汐止交流道口、捷運接駁車、多部園區專屬交通車、上下班密集行駛台北市及基隆，到內湖、南港、深坑，僅需10分鐘車程  17%超低公設比，買更實在的使用面積，.為企業節省經營成本！銀行、郵局、家樂福、星巴克咖啡、爭鮮壽司、美食街等機能完整，全區停車場 5,000坪，專屬卸貨區。與雲端科技建築連結經濟走廊 及未來民生汐止線出站上班.入站回家便利性.豪華迎賓遮雨車道，氣派挑高7米門廳，座南朝北背臨靠山，風水老師一致推薦的好財庫，更是許多知名企業發跡的風水靈地，目前有宏基電腦企業總部及緯創資通，資訊工業策會、亞新工程等企業。","https://sale.591.com.tw/sale-detail-5941865.html"
"當前房屋（S5958103）","全新辦公大樓~4樓至11樓層租售中","2019-04-16","82983","萬元","1975.8","42","10F/18F","2年","電梯大樓","新北市","板橋區","新北市板橋區中山路二段443巷","房先生","經紀業：房慶昆","0935-770-078","辦公","否","住商用","無","全新大樓方正格局採光佳設備新穎氣派挑高寬敞大廳管理嚴謹以上提供照片為附近街景圖，可參考周邊商店，資料則依房東提供而登載，為避免出租資訊落差，歡迎您來電洽詢，公司將專人帶領您現場丈量及提供相關地政機關登載資料。","https://sale.591.com.tw/sale-detail-5958103.html"
"當前房屋（S6015408）","獨家卍經國重劃區整棟全新商業大樓高收益","2019-05-01","95000","萬元","2367.2","40.13","整棟/9F","1年","店面（店鋪）","桃園市","桃園區","桃園市桃園區經國二路","江小姐","經紀業：立鵬地產事業有限公司","0939-822-168","辦公","是","商業用","None","位於經國重劃區1期/土地362.07坪整棟全新打造高質感電梯商業大樓.附近有....桃園市經國轉運站位於經國重劃區~~~周邊連接桃園兩大精華商圈，南接中正藝文特區，往北近南崁台茂購物中心，生活機能佳。由於鄰近敏盛綜合醫院，方便老人看診及復健；開車上高速公路只要五分鐘，往返台北便捷，適合年輕上班族群，生活機能是三代同堂家庭住戶的區域首選。交通部分，五分鐘即可上國道1號南崁交流道，成為桃園市區重要的入口門戶，可避免需繞道市區的塞車情況，對部分北上通勤族或機場航空業來說，有地利之便。*月收租約200多萬.附平面車位52個~歡迎來電洽詢0958-827-168涂先生或0939-822-168江小姐（蔡佳家（100）桃園登字第001231號)  立鵬地產事業有限公司","https://sale.591.com.tw/sale-detail-6015408.html"
"當前房屋（S5872441）","中壢全棟優質辦公大樓/企業總部","2019-04-14","27000","萬元","1605","16.82","11F/11F","26年","電梯大樓","桃園市","中壢區","桃園市中壢區民族路56號","莊先生","None","0932-200-511","辦公","是","None","None","桃園中壢 中壢交流道下 新明 民族路口中壢市區    優質地段卓越地標    簡潔俐落唯一獨棟    收益商辦　租客穩定承租 售後回租部分樓層單一產權大樓    投資置產皆相宜　適企業總部、商旅、產後護理機構、醫美中心黃金角地    雙面臨路規劃彈性    打造商業拓展引擎交通樞紐    無往不利3分鐘抵機捷A22老街溪站  4分鐘抵國道  5分鐘抵中壢火車站","https://sale.591.com.tw/sale-detail-5872441.html"
